-- phpMyAdmin SQL Dump
-- version 5.1.1
-- https://www.phpmyadmin.net/
--
-- Host: 127.0.0.1:3306
-- Generation Time: Mar 21, 2024 at 06:05 PM
-- Server version: 10.4.11-MariaDB
-- PHP Version: 8.0.7

SET SQL_MODE = "NO_AUTO_VALUE_ON_ZERO";
START TRANSACTION;
SET time_zone = "+00:00";


/*!40101 SET @OLD_CHARACTER_SET_CLIENT=@@CHARACTER_SET_CLIENT */;
/*!40101 SET @OLD_CHARACTER_SET_RESULTS=@@CHARACTER_SET_RESULTS */;
/*!40101 SET @OLD_COLLATION_CONNECTION=@@COLLATION_CONNECTION */;
/*!40101 SET NAMES utf8mb4 */;

--
-- Database: `laravel_aina`
--

-- --------------------------------------------------------

--
-- Table structure for table `biaya`
--

CREATE TABLE `biaya` (
  `id` int(11) NOT NULL,
  `keterangan` varchar(50) NOT NULL,
  `jumlah` double NOT NULL,
  `created_at` timestamp NOT NULL DEFAULT current_timestamp(),
  `updated_at` timestamp NOT NULL DEFAULT current_timestamp()
) ENGINE=MyISAM DEFAULT CHARSET=utf8mb4;

--
-- Dumping data for table `biaya`
--

INSERT INTO `biaya` (`id`, `keterangan`, `jumlah`, `created_at`, `updated_at`) VALUES
(1, 'Rapat Koperasi', 40000, '2021-04-30 17:00:00', '2024-03-11 00:23:43'),
(2, 'Rapat Koperasi', 40000, '2021-08-31 17:00:00', '2024-03-11 00:27:31'),
(3, 'Rapat Koperasi', 40000, '2021-12-31 17:00:00', '2024-03-11 00:27:54'),
(4, 'Rapat Koperasi', 40000, '2022-04-30 17:00:00', '2024-03-11 00:28:11'),
(5, 'ATK Koperasi', 60000, '2021-04-30 17:00:00', '2024-03-11 00:29:03'),
(6, 'ATK Koperasi', 60000, '2021-08-31 17:00:00', '2024-03-11 00:29:21'),
(7, 'ATK Koperasi', 60000, '2021-12-31 17:00:00', '2024-03-11 00:29:37'),
(8, 'ATK Koperasi', 60000, '2022-04-30 17:00:00', '2024-03-11 00:29:52');

-- --------------------------------------------------------

--
-- Table structure for table `pinjaman`
--

CREATE TABLE `pinjaman` (
  `id_pinjam` int(11) NOT NULL,
  `id_user` int(11) NOT NULL,
  `tenor` int(2) NOT NULL,
  `jumlah` double NOT NULL,
  `status` enum('Menunggu','Disetujui','Ditolak','Lunas') NOT NULL,
  `keterangan` varchar(250) NOT NULL,
  `created_at` timestamp NOT NULL DEFAULT current_timestamp(),
  `updated_at` timestamp NOT NULL DEFAULT current_timestamp()
) ENGINE=MyISAM DEFAULT CHARSET=utf8mb4;

--
-- Dumping data for table `pinjaman`
--

INSERT INTO `pinjaman` (`id_pinjam`, `id_user`, `tenor`, `jumlah`, `status`, `keterangan`, `created_at`, `updated_at`) VALUES
(8, 5, 3, 300000, 'Lunas', 'Pinjaman', '2021-05-31 17:00:00', '2024-03-10 22:11:36'),
(7, 3, 5, 500000, 'Lunas', 'Pinjaman', '2021-11-30 17:00:00', '2024-03-10 22:10:57'),
(6, 3, 6, 1000000, 'Lunas', 'Pinjaman', '2021-04-30 17:00:00', '2024-03-10 22:09:02'),
(5, 2, 10, 2000000, 'Lunas', 'Pinjaman', '2021-05-31 17:00:00', '2024-03-10 22:07:45'),
(9, 5, 10, 1200000, 'Disetujui', 'Pinjaman', '2021-09-30 17:00:00', '2024-03-10 22:17:10'),
(10, 6, 3, 500000, 'Lunas', 'Pinjaman', '2021-07-31 17:00:00', '2024-03-10 22:18:06'),
(11, 6, 10, 1500000, 'Disetujui', 'Pinjaman', '2021-11-30 17:00:00', '2024-03-10 22:19:14'),
(12, 7, 3, 300000, 'Lunas', 'Pinjaman', '2021-04-30 17:00:00', '2024-03-10 22:38:15'),
(13, 7, 6, 600000, 'Lunas', 'Pinjaman', '2021-08-31 17:00:00', '2024-03-10 22:39:05'),
(14, 8, 10, 1000000, 'Disetujui', 'Pinjaman', '2021-12-31 17:00:00', '2024-03-10 22:42:29'),
(15, 9, 3, 200000, 'Lunas', 'Pinjaman', '2022-01-31 17:00:00', '2024-03-10 22:43:13'),
(16, 10, 6, 500000, 'Lunas', 'Pinjaman', '2021-05-31 22:44:05', '2024-03-10 22:44:05'),
(17, 10, 3, 200000, 'Lunas', 'Pinjaman', '2022-01-31 17:00:00', '2024-03-10 22:50:01'),
(18, 11, 3, 400000, 'Lunas', 'Pinjaman', '2021-06-30 17:00:00', '2024-03-10 23:03:32'),
(19, 11, 6, 500000, 'Disetujui', 'Pinjaman', '2021-11-30 17:00:00', '2024-03-10 23:04:01'),
(20, 12, 8, 600000, 'Lunas', 'Pinjaman', '2021-07-31 17:00:00', '2024-03-10 23:04:40'),
(21, 13, 4, 400000, 'Lunas', 'Pinjaman', '2021-08-31 17:00:00', '2024-03-10 23:05:11'),
(22, 14, 9, 900000, 'Lunas', 'Pinjaman', '2021-07-31 17:00:00', '2024-03-10 23:05:48'),
(23, 15, 10, 1000000, 'Lunas', 'Pinjaman', '2021-05-31 17:00:00', '2024-03-10 23:06:38'),
(24, 16, 6, 500000, 'Lunas', 'Pinjaman', '2021-10-31 17:00:00', '2024-03-10 23:15:45'),
(25, 17, 4, 300000, 'Lunas', 'Pinjaman', '2021-04-30 17:00:00', '2024-03-10 23:16:21'),
(26, 17, 3, 300000, 'Lunas', 'Pinjaman', '2021-12-31 17:00:00', '2024-03-10 23:16:56');

-- --------------------------------------------------------

--
-- Table structure for table `pinjaman_bayar`
--

CREATE TABLE `pinjaman_bayar` (
  `id_bayar` int(11) NOT NULL,
  `id_pinjam` int(11) NOT NULL,
  `jumlah` double NOT NULL,
  `keterangan` varchar(200) NOT NULL,
  `created_at` timestamp NOT NULL DEFAULT current_timestamp(),
  `updated_at` timestamp NOT NULL DEFAULT current_timestamp()
) ENGINE=MyISAM DEFAULT CHARSET=utf8mb4;

--
-- Dumping data for table `pinjaman_bayar`
--

INSERT INTO `pinjaman_bayar` (`id_bayar`, `id_pinjam`, `jumlah`, `keterangan`, `created_at`, `updated_at`) VALUES
(3, 5, 230000, 'Pembayaran Pinjaman', '2021-07-31 17:00:00', '2024-03-10 23:36:23'),
(4, 5, 230000, 'Pembayaran Pinjaman', '2021-08-31 17:00:00', '2024-03-10 23:36:23'),
(5, 5, 230000, 'Pembayaran Pinjaman', '2021-09-30 17:00:00', '2024-03-10 23:36:23'),
(6, 5, 230000, 'Pembayaran Pinjaman', '2021-10-31 17:00:00', '2024-03-10 23:36:23'),
(7, 5, 230000, 'Pembayaran Pinjaman', '2021-11-30 17:00:00', '2024-03-10 23:36:23'),
(8, 5, 230000, 'Pembayaran Pinjaman', '2021-12-31 17:00:00', '2024-03-10 23:36:23'),
(9, 5, 230000, 'Pembayaran Pinjaman', '2022-01-31 17:00:00', '2024-03-10 23:36:23'),
(10, 5, 230000, 'Pembayaran Pinjaman', '2022-02-28 17:00:00', '2024-03-10 23:36:23'),
(11, 5, 230000, 'Pembayaran Pinjaman', '2022-03-31 17:00:00', '2024-03-10 23:36:23'),
(12, 5, 230000, 'Pembayaran Pinjaman', '2022-04-30 17:00:00', '2024-03-10 23:36:23'),
(13, 6, 181666.67, 'Pembayaran Pinjaman', '2021-05-31 17:00:00', '2024-03-10 23:39:32'),
(14, 6, 181666.67, 'Pembayaran Pinjaman', '2021-06-30 17:00:00', '2024-03-10 23:39:32'),
(15, 6, 181666.67, 'Pembayaran Pinjaman', '2021-07-31 17:00:00', '2024-03-10 23:39:32'),
(16, 6, 181666.67, 'Pembayaran Pinjaman', '2021-08-31 17:00:00', '2024-03-10 23:39:32'),
(17, 6, 181666.67, 'Pembayaran Pinjaman', '2021-09-30 17:00:00', '2024-03-10 23:39:32'),
(18, 6, 181666.67, 'Pembayaran Pinjaman', '2021-10-31 17:00:00', '2024-03-10 23:39:32'),
(20, 7, 107500, 'Pembayaran Pinjaman', '2021-12-31 17:00:00', '2024-03-10 23:44:00'),
(21, 7, 107500, 'Pembayaran Pinjaman', '2022-01-31 17:00:00', '2024-03-10 23:44:00'),
(22, 7, 107500, 'Pembayaran Pinjaman', '2022-02-28 17:00:00', '2024-03-10 23:44:00'),
(23, 7, 107500, 'Pembayaran Pinjaman', '2022-03-31 17:00:00', '2024-03-10 23:44:00'),
(24, 7, 107500, 'Pembayaran Pinjaman', '2022-04-30 17:00:00', '2024-03-10 23:44:00'),
(30, 8, 104500, 'Pembayaran Pinjaman', '2021-08-31 17:00:00', '2024-03-11 00:04:52'),
(29, 8, 104500, 'Pembayaran Pinjaman', '2021-07-31 17:00:00', '2024-03-11 00:04:52'),
(28, 8, 104500, 'Pembayaran Pinjaman', '2021-06-30 17:00:00', '2024-03-11 00:04:52'),
(31, 9, 138000, 'Pembayaran Pinjaman', '2021-10-31 17:00:00', '2024-03-11 00:07:56'),
(32, 9, 138000, 'Pembayaran Pinjaman', '2021-11-30 17:00:00', '2024-03-11 00:07:56'),
(33, 9, 138000, 'Pembayaran Pinjaman', '2021-12-31 17:00:00', '2024-03-11 00:07:56'),
(34, 9, 138000, 'Pembayaran Pinjaman', '2022-01-31 17:00:00', '2024-03-11 00:07:56'),
(35, 9, 138000, 'Pembayaran Pinjaman', '2022-02-28 17:00:00', '2024-03-11 00:07:56'),
(36, 9, 138000, 'Pembayaran Pinjaman', '2022-03-31 17:00:00', '2024-03-11 00:07:56'),
(37, 9, 138000, 'Pembayaran Pinjaman', '2022-04-30 17:00:00', '2024-03-11 00:07:56'),
(38, 10, 174166.66666667, 'Pembayaran Pinjaman', '2021-08-31 17:00:00', '2024-03-11 00:08:54'),
(39, 10, 174166.66666667, 'Pembayaran Pinjaman', '2021-09-30 17:00:00', '2024-03-11 00:08:54'),
(40, 10, 174166.66666667, 'Pembayaran Pinjaman', '2021-10-31 17:00:00', '2024-03-11 00:08:54'),
(41, 11, 172500, 'Pembayaran Pinjaman', '2021-12-31 17:00:00', '2024-03-11 00:09:10'),
(42, 11, 172500, 'Pembayaran Pinjaman', '2022-01-31 17:00:00', '2024-03-11 00:09:10'),
(43, 11, 172500, 'Pembayaran Pinjaman', '2022-02-28 17:00:00', '2024-03-11 00:09:10'),
(44, 11, 172500, 'Pembayaran Pinjaman', '2022-03-31 17:00:00', '2024-03-11 00:09:10'),
(45, 11, 172500, 'Pembayaran Pinjaman', '2022-04-30 17:00:00', '2024-03-11 00:09:10'),
(46, 12, 104500, 'Pembayaran Pinjaman', '2021-05-31 17:00:00', '2024-03-11 00:09:54'),
(47, 12, 104500, 'Pembayaran Pinjaman', '2021-06-30 17:00:00', '2024-03-11 00:09:54'),
(48, 12, 104500, 'Pembayaran Pinjaman', '2021-07-31 17:00:00', '2024-03-11 00:09:54'),
(49, 13, 109000, 'Pembayaran Pinjaman', '2021-09-30 17:00:00', '2024-03-11 00:09:55'),
(50, 13, 109000, 'Pembayaran Pinjaman', '2021-10-31 17:00:00', '2024-03-11 00:09:55'),
(51, 13, 109000, 'Pembayaran Pinjaman', '2021-11-30 17:00:00', '2024-03-11 00:09:55'),
(52, 13, 109000, 'Pembayaran Pinjaman', '2021-12-31 17:00:00', '2024-03-11 00:09:55'),
(53, 13, 109000, 'Pembayaran Pinjaman', '2022-01-31 17:00:00', '2024-03-11 00:09:55'),
(54, 13, 109000, 'Pembayaran Pinjaman', '2022-02-28 17:00:00', '2024-03-11 00:09:55'),
(55, 14, 115000, 'Pembayaran Pinjaman', '2022-01-31 17:00:00', '2024-03-11 00:09:57'),
(56, 14, 115000, 'Pembayaran Pinjaman', '2022-02-28 17:00:00', '2024-03-11 00:09:57'),
(57, 14, 115000, 'Pembayaran Pinjaman', '2022-03-31 17:00:00', '2024-03-11 00:09:57'),
(58, 14, 115000, 'Pembayaran Pinjaman', '2022-04-30 17:00:00', '2024-03-11 00:09:57'),
(59, 15, 69666.666666667, 'Pembayaran Pinjaman', '2022-02-28 17:00:00', '2024-03-11 00:09:58'),
(60, 15, 69666.666666667, 'Pembayaran Pinjaman', '2022-03-31 17:00:00', '2024-03-11 00:09:58'),
(61, 15, 69666.666666667, 'Pembayaran Pinjaman', '2022-04-30 17:00:00', '2024-03-11 00:09:58'),
(62, 16, 90833.333333333, 'Pembayaran Pinjaman', '2021-06-30 17:00:00', '2024-03-11 00:10:01'),
(63, 16, 90833.333333333, 'Pembayaran Pinjaman', '2021-07-31 17:00:00', '2024-03-11 00:10:01'),
(64, 16, 90833.333333333, 'Pembayaran Pinjaman', '2021-08-31 17:00:00', '2024-03-11 00:10:01'),
(65, 16, 90833.333333333, 'Pembayaran Pinjaman', '2021-09-30 17:00:00', '2024-03-11 00:10:01'),
(66, 16, 90833.333333333, 'Pembayaran Pinjaman', '2021-10-31 17:00:00', '2024-03-11 00:10:01'),
(67, 16, 90833.333333333, 'Pembayaran Pinjaman', '2021-11-30 17:00:00', '2024-03-11 00:10:01'),
(68, 17, 69666.666666667, 'Pembayaran Pinjaman', '2022-02-28 17:00:00', '2024-03-11 00:10:03'),
(69, 17, 69666.666666667, 'Pembayaran Pinjaman', '2022-03-31 17:00:00', '2024-03-11 00:10:03'),
(70, 17, 69666.666666667, 'Pembayaran Pinjaman', '2022-04-30 17:00:00', '2024-03-11 00:10:03'),
(71, 18, 139333.33333333, 'Pembayaran Pinjaman', '2021-07-31 17:00:00', '2024-03-11 00:10:06'),
(72, 18, 139333.33333333, 'Pembayaran Pinjaman', '2021-08-31 17:00:00', '2024-03-11 00:10:06'),
(73, 18, 139333.33333333, 'Pembayaran Pinjaman', '2021-09-30 17:00:00', '2024-03-11 00:10:06'),
(74, 19, 90833.333333333, 'Pembayaran Pinjaman', '2021-12-31 17:00:00', '2024-03-11 00:10:08'),
(75, 19, 90833.333333333, 'Pembayaran Pinjaman', '2022-01-31 17:00:00', '2024-03-11 00:10:08'),
(76, 19, 90833.333333333, 'Pembayaran Pinjaman', '2022-02-28 17:00:00', '2024-03-11 00:10:08'),
(77, 19, 90833.333333333, 'Pembayaran Pinjaman', '2022-03-31 17:00:00', '2024-03-11 00:10:08'),
(78, 19, 90833.333333333, 'Pembayaran Pinjaman', '2022-04-30 17:00:00', '2024-03-11 00:10:08'),
(79, 20, 84000, 'Pembayaran Pinjaman', '2021-08-31 17:00:00', '2024-03-11 00:10:10'),
(80, 20, 84000, 'Pembayaran Pinjaman', '2021-09-30 17:00:00', '2024-03-11 00:10:10'),
(81, 20, 84000, 'Pembayaran Pinjaman', '2021-10-31 17:00:00', '2024-03-11 00:10:10'),
(82, 20, 84000, 'Pembayaran Pinjaman', '2021-11-30 17:00:00', '2024-03-11 00:10:10'),
(83, 20, 84000, 'Pembayaran Pinjaman', '2021-12-31 17:00:00', '2024-03-11 00:10:10'),
(84, 20, 84000, 'Pembayaran Pinjaman', '2022-01-31 17:00:00', '2024-03-11 00:10:10'),
(85, 20, 84000, 'Pembayaran Pinjaman', '2022-02-28 17:00:00', '2024-03-11 00:10:10'),
(86, 20, 84000, 'Pembayaran Pinjaman', '2022-03-31 17:00:00', '2024-03-11 00:10:10'),
(87, 21, 106000, 'Pembayaran Pinjaman', '2021-09-30 17:00:00', '2024-03-11 00:10:13'),
(88, 21, 106000, 'Pembayaran Pinjaman', '2021-10-31 17:00:00', '2024-03-11 00:10:13'),
(89, 21, 106000, 'Pembayaran Pinjaman', '2021-11-30 17:00:00', '2024-03-11 00:10:13'),
(90, 21, 106000, 'Pembayaran Pinjaman', '2021-12-31 17:00:00', '2024-03-11 00:10:13'),
(91, 22, 113500, 'Pembayaran Pinjaman', '2021-08-31 17:00:00', '2024-03-11 00:10:15'),
(92, 22, 113500, 'Pembayaran Pinjaman', '2021-09-30 17:00:00', '2024-03-11 00:10:15'),
(93, 22, 113500, 'Pembayaran Pinjaman', '2021-10-31 17:00:00', '2024-03-11 00:10:15'),
(94, 22, 113500, 'Pembayaran Pinjaman', '2021-11-30 17:00:00', '2024-03-11 00:10:15'),
(95, 22, 113500, 'Pembayaran Pinjaman', '2021-12-31 17:00:00', '2024-03-11 00:10:15'),
(96, 22, 113500, 'Pembayaran Pinjaman', '2022-01-31 17:00:00', '2024-03-11 00:10:15'),
(97, 22, 113500, 'Pembayaran Pinjaman', '2022-02-28 17:00:00', '2024-03-11 00:10:15'),
(98, 22, 113500, 'Pembayaran Pinjaman', '2022-03-31 17:00:00', '2024-03-11 00:10:15'),
(99, 22, 113500, 'Pembayaran Pinjaman', '2022-04-30 17:00:00', '2024-03-11 00:10:15'),
(100, 23, 115000, 'Pembayaran Pinjaman', '2021-06-30 17:00:00', '2024-03-11 00:10:17'),
(101, 23, 115000, 'Pembayaran Pinjaman', '2021-07-31 17:00:00', '2024-03-11 00:10:17'),
(102, 23, 115000, 'Pembayaran Pinjaman', '2021-08-31 17:00:00', '2024-03-11 00:10:17'),
(103, 23, 115000, 'Pembayaran Pinjaman', '2021-09-30 17:00:00', '2024-03-11 00:10:17'),
(104, 23, 115000, 'Pembayaran Pinjaman', '2021-10-31 17:00:00', '2024-03-11 00:10:17'),
(105, 23, 115000, 'Pembayaran Pinjaman', '2021-11-30 17:00:00', '2024-03-11 00:10:17'),
(106, 23, 115000, 'Pembayaran Pinjaman', '2021-12-31 17:00:00', '2024-03-11 00:10:17'),
(107, 23, 115000, 'Pembayaran Pinjaman', '2022-01-31 17:00:00', '2024-03-11 00:10:17'),
(108, 23, 115000, 'Pembayaran Pinjaman', '2022-02-28 17:00:00', '2024-03-11 00:10:17'),
(109, 23, 115000, 'Pembayaran Pinjaman', '2022-03-31 17:00:00', '2024-03-11 00:10:17'),
(110, 24, 90833.333333333, 'Pembayaran Pinjaman', '2021-11-30 17:00:00', '2024-03-11 00:10:19'),
(111, 24, 90833.333333333, 'Pembayaran Pinjaman', '2021-12-31 17:00:00', '2024-03-11 00:10:19'),
(112, 24, 90833.333333333, 'Pembayaran Pinjaman', '2022-01-31 17:00:00', '2024-03-11 00:10:19'),
(113, 24, 90833.333333333, 'Pembayaran Pinjaman', '2022-02-28 17:00:00', '2024-03-11 00:10:19'),
(114, 24, 90833.333333333, 'Pembayaran Pinjaman', '2022-03-31 17:00:00', '2024-03-11 00:10:19'),
(115, 24, 90833.333333333, 'Pembayaran Pinjaman', '2022-04-30 17:00:00', '2024-03-11 00:10:19'),
(116, 25, 79500, 'Pembayaran Pinjaman', '2021-05-31 17:00:00', '2024-03-11 00:10:20'),
(117, 25, 79500, 'Pembayaran Pinjaman', '2021-06-30 17:00:00', '2024-03-11 00:10:20'),
(118, 25, 79500, 'Pembayaran Pinjaman', '2021-07-31 17:00:00', '2024-03-11 00:10:20'),
(119, 25, 79500, 'Pembayaran Pinjaman', '2021-08-31 17:00:00', '2024-03-11 00:10:20'),
(120, 26, 104500, 'Pembayaran Pinjaman', '2022-01-31 17:00:00', '2024-03-11 00:10:27'),
(121, 26, 104500, 'Pembayaran Pinjaman', '2022-02-28 17:00:00', '2024-03-11 00:10:27'),
(122, 26, 104500, 'Pembayaran Pinjaman', '2022-03-31 17:00:00', '2024-03-11 00:10:27');

-- --------------------------------------------------------

--
-- Table structure for table `settings`
--

CREATE TABLE `settings` (
  `id` int(11) NOT NULL,
  `parameter` varchar(50) NOT NULL,
  `value` float NOT NULL,
  `created_at` timestamp NOT NULL DEFAULT current_timestamp(),
  `updated_at` timestamp NOT NULL DEFAULT current_timestamp()
) ENGINE=MyISAM DEFAULT CHARSET=utf8mb4;

--
-- Dumping data for table `settings`
--

INSERT INTO `settings` (`id`, `parameter`, `value`, `created_at`, `updated_at`) VALUES
(1, 'Bunga Koperasi', 1.5, '2024-03-21 11:53:19', '2024-03-21 12:06:18'),
(2, 'SHU Jasa Anggota', 30, '2024-03-21 11:53:54', '2024-03-21 11:53:54'),
(3, 'SHU Jasa Modal', 25, '2024-03-21 11:54:05', '2024-03-21 11:54:05'),
(4, 'SHU Pengurus', 25, '2024-03-21 11:54:22', '2024-03-21 11:54:22'),
(5, 'SHU Cadangan Modal Anggota', 20, '2024-03-21 11:54:37', '2024-03-21 11:54:37');

-- --------------------------------------------------------

--
-- Table structure for table `simpanan`
--

CREATE TABLE `simpanan` (
  `id_simpanan` int(11) NOT NULL,
  `jumlah` double NOT NULL,
  `keterangan` char(100) NOT NULL,
  `id_user` int(11) NOT NULL,
  `created_at` timestamp NOT NULL DEFAULT current_timestamp(),
  `updated_at` timestamp NOT NULL DEFAULT current_timestamp()
) ENGINE=MyISAM DEFAULT CHARSET=utf8mb4;

--
-- Dumping data for table `simpanan`
--

INSERT INTO `simpanan` (`id_simpanan`, `jumlah`, `keterangan`, `id_user`, `created_at`, `updated_at`) VALUES
(1, 700000, 'Simpanan Sebelumnya', 2, '2021-04-30 17:00:00', '2024-03-10 20:27:14'),
(12, 10000, 'Simpanan Wajib', 2, '2021-08-31 17:00:00', '2024-03-10 20:37:07'),
(11, 10000, 'Simpanan Wajib', 2, '2021-07-31 17:00:00', '2024-03-10 20:37:07'),
(10, 10000, 'Simpanan Wajib', 2, '2021-06-30 17:00:00', '2024-03-10 20:37:07'),
(9, 10000, 'Simpanan Wajib', 2, '2021-05-31 17:00:00', '2024-03-10 20:37:07'),
(8, 10000, 'Simpanan Wajib', 2, '2021-04-30 17:00:00', '2024-03-10 20:37:07'),
(13, 10000, 'Simpanan Wajib', 2, '2021-09-30 17:00:00', '2024-03-10 20:37:07'),
(14, 10000, 'Simpanan Wajib', 2, '2021-10-31 17:00:00', '2024-03-10 20:37:07'),
(15, 10000, 'Simpanan Wajib', 2, '2021-11-30 17:00:00', '2024-03-10 20:37:07'),
(16, 10000, 'Simpanan Wajib', 2, '2021-12-31 17:00:00', '2024-03-10 20:38:53'),
(17, 10000, 'Simpanan Wajib', 2, '2022-01-31 17:00:00', '2024-03-10 20:38:53'),
(18, 10000, 'Simpanan Wajib', 2, '2022-02-28 17:00:00', '2024-03-10 20:38:53'),
(19, 10000, 'Simpanan Wajib', 2, '2022-03-31 17:00:00', '2024-03-10 20:38:53'),
(20, 10000, 'Simpanan Wajib', 2, '2022-04-30 17:00:00', '2024-03-10 20:38:53'),
(21, 500000, 'Simpanan Sebelumnya', 3, '2021-04-30 17:00:00', '2024-03-10 20:42:47'),
(22, 10000, 'Simpanan Wajib', 3, '2021-12-31 17:00:00', '2024-03-10 20:43:04'),
(23, 10000, 'Simpanan Wajib', 3, '2022-01-31 17:00:00', '2024-03-10 20:43:04'),
(24, 10000, 'Simpanan Wajib', 3, '2022-02-28 17:00:00', '2024-03-10 20:43:04'),
(25, 10000, 'Simpanan Wajib', 3, '2022-03-31 17:00:00', '2024-03-10 20:43:04'),
(26, 10000, 'Simpanan Wajib', 3, '2022-04-30 17:00:00', '2024-03-10 20:43:04'),
(27, 10000, 'Simpanan Wajib', 3, '2021-04-30 17:00:00', '2024-03-10 20:43:06'),
(28, 10000, 'Simpanan Wajib', 3, '2021-05-31 17:00:00', '2024-03-10 20:43:06'),
(29, 10000, 'Simpanan Wajib', 3, '2021-06-30 17:00:00', '2024-03-10 20:43:06'),
(30, 10000, 'Simpanan Wajib', 3, '2021-07-31 17:00:00', '2024-03-10 20:43:06'),
(31, 10000, 'Simpanan Wajib', 3, '2021-08-31 17:00:00', '2024-03-10 20:43:06'),
(32, 10000, 'Simpanan Wajib', 3, '2021-09-30 17:00:00', '2024-03-10 20:43:06'),
(33, 10000, 'Simpanan Wajib', 3, '2021-10-31 17:00:00', '2024-03-10 20:43:06'),
(34, 10000, 'Simpanan Wajib', 3, '2021-11-30 17:00:00', '2024-03-10 20:43:06'),
(35, 600000, 'Simpanan Sebelumnya', 5, '2021-04-30 17:00:00', '2024-03-10 20:43:59'),
(36, 10000, 'Simpanan Wajib', 5, '2021-04-30 17:00:00', '2024-03-10 20:44:10'),
(37, 10000, 'Simpanan Wajib', 5, '2021-05-31 17:00:00', '2024-03-10 20:44:10'),
(38, 10000, 'Simpanan Wajib', 5, '2021-06-30 17:00:00', '2024-03-10 20:44:10'),
(39, 10000, 'Simpanan Wajib', 5, '2021-07-31 17:00:00', '2024-03-10 20:44:10'),
(40, 10000, 'Simpanan Wajib', 5, '2021-08-31 17:00:00', '2024-03-10 20:44:10'),
(41, 10000, 'Simpanan Wajib', 5, '2021-09-30 17:00:00', '2024-03-10 20:44:10'),
(42, 10000, 'Simpanan Wajib', 5, '2021-10-31 17:00:00', '2024-03-10 20:44:10'),
(43, 10000, 'Simpanan Wajib', 5, '2021-11-30 17:00:00', '2024-03-10 20:44:10'),
(44, 10000, 'Simpanan Wajib', 5, '2021-12-31 17:00:00', '2024-03-10 20:44:12'),
(45, 10000, 'Simpanan Wajib', 5, '2022-01-31 17:00:00', '2024-03-10 20:44:12'),
(46, 10000, 'Simpanan Wajib', 5, '2022-02-28 17:00:00', '2024-03-10 20:44:12'),
(47, 10000, 'Simpanan Wajib', 5, '2022-03-31 17:00:00', '2024-03-10 20:44:12'),
(48, 10000, 'Simpanan Wajib', 5, '2022-04-30 17:00:00', '2024-03-10 20:44:12'),
(49, 400000, 'Simpanan Sebelumnya', 6, '2021-04-30 17:00:00', '2024-03-10 20:44:51'),
(50, 10000, 'Simpanan Wajib', 6, '2021-04-30 17:00:00', '2024-03-10 20:44:56'),
(51, 10000, 'Simpanan Wajib', 6, '2021-05-31 17:00:00', '2024-03-10 20:44:56'),
(52, 10000, 'Simpanan Wajib', 6, '2021-06-30 17:00:00', '2024-03-10 20:44:56'),
(53, 10000, 'Simpanan Wajib', 6, '2021-07-31 17:00:00', '2024-03-10 20:44:56'),
(54, 10000, 'Simpanan Wajib', 6, '2021-08-31 17:00:00', '2024-03-10 20:44:56'),
(55, 10000, 'Simpanan Wajib', 6, '2021-09-30 17:00:00', '2024-03-10 20:44:56'),
(56, 10000, 'Simpanan Wajib', 6, '2021-10-31 17:00:00', '2024-03-10 20:44:56'),
(57, 10000, 'Simpanan Wajib', 6, '2021-11-30 17:00:00', '2024-03-10 20:44:56'),
(58, 10000, 'Simpanan Wajib', 6, '2021-12-31 17:00:00', '2024-03-10 20:44:59'),
(59, 10000, 'Simpanan Wajib', 6, '2022-01-31 17:00:00', '2024-03-10 20:44:59'),
(60, 10000, 'Simpanan Wajib', 6, '2022-02-28 17:00:00', '2024-03-10 20:44:59'),
(61, 10000, 'Simpanan Wajib', 6, '2022-03-31 17:00:00', '2024-03-10 20:44:59'),
(62, 10000, 'Simpanan Wajib', 6, '2022-04-30 17:00:00', '2024-03-10 20:44:59'),
(63, 400000, 'Simpanan Sebelumnya', 7, '2021-04-30 17:00:00', '2024-03-10 20:45:36'),
(64, 10000, 'Simpanan Wajib', 7, '2021-12-31 17:00:00', '2024-03-10 20:45:43'),
(65, 10000, 'Simpanan Wajib', 7, '2022-01-31 17:00:00', '2024-03-10 20:45:43'),
(66, 10000, 'Simpanan Wajib', 7, '2022-02-28 17:00:00', '2024-03-10 20:45:43'),
(67, 10000, 'Simpanan Wajib', 7, '2022-03-31 17:00:00', '2024-03-10 20:45:43'),
(68, 10000, 'Simpanan Wajib', 7, '2022-04-30 17:00:00', '2024-03-10 20:45:43'),
(69, 10000, 'Simpanan Wajib', 7, '2021-04-30 17:00:00', '2024-03-10 20:45:45'),
(70, 10000, 'Simpanan Wajib', 7, '2021-05-31 17:00:00', '2024-03-10 20:45:45'),
(71, 10000, 'Simpanan Wajib', 7, '2021-06-30 17:00:00', '2024-03-10 20:45:45'),
(72, 10000, 'Simpanan Wajib', 7, '2021-07-31 17:00:00', '2024-03-10 20:45:45'),
(73, 10000, 'Simpanan Wajib', 7, '2021-08-31 17:00:00', '2024-03-10 20:45:45'),
(74, 10000, 'Simpanan Wajib', 7, '2021-09-30 17:00:00', '2024-03-10 20:45:45'),
(75, 10000, 'Simpanan Wajib', 7, '2021-10-31 17:00:00', '2024-03-10 20:45:45'),
(76, 10000, 'Simpanan Wajib', 7, '2021-11-30 17:00:00', '2024-03-10 20:45:45'),
(77, 950000, 'Simpanan Sebelumnya', 8, '2021-04-30 17:00:00', '2024-03-10 20:46:18'),
(78, 10000, 'Simpanan Wajib', 8, '2021-12-31 17:00:00', '2024-03-10 20:46:25'),
(79, 10000, 'Simpanan Wajib', 8, '2022-01-31 17:00:00', '2024-03-10 20:46:25'),
(80, 10000, 'Simpanan Wajib', 8, '2022-02-28 17:00:00', '2024-03-10 20:46:25'),
(81, 10000, 'Simpanan Wajib', 8, '2022-03-31 17:00:00', '2024-03-10 20:46:25'),
(82, 10000, 'Simpanan Wajib', 8, '2022-04-30 17:00:00', '2024-03-10 20:46:25'),
(83, 10000, 'Simpanan Wajib', 8, '2021-04-30 17:00:00', '2024-03-10 20:46:27'),
(84, 10000, 'Simpanan Wajib', 8, '2021-05-31 17:00:00', '2024-03-10 20:46:27'),
(85, 10000, 'Simpanan Wajib', 8, '2021-06-30 17:00:00', '2024-03-10 20:46:27'),
(86, 10000, 'Simpanan Wajib', 8, '2021-07-31 17:00:00', '2024-03-10 20:46:27'),
(87, 10000, 'Simpanan Wajib', 8, '2021-08-31 17:00:00', '2024-03-10 20:46:27'),
(88, 10000, 'Simpanan Wajib', 8, '2021-09-30 17:00:00', '2024-03-10 20:46:27'),
(89, 10000, 'Simpanan Wajib', 8, '2021-10-31 17:00:00', '2024-03-10 20:46:27'),
(90, 10000, 'Simpanan Wajib', 8, '2021-11-30 17:00:00', '2024-03-10 20:46:27'),
(91, 10000, 'Simpanan Wajib', 9, '2021-04-30 17:00:00', '2024-03-10 20:46:35'),
(92, 10000, 'Simpanan Wajib', 9, '2021-05-31 17:00:00', '2024-03-10 20:46:35'),
(93, 10000, 'Simpanan Wajib', 9, '2021-06-30 17:00:00', '2024-03-10 20:46:35'),
(94, 10000, 'Simpanan Wajib', 9, '2021-07-31 17:00:00', '2024-03-10 20:46:35'),
(95, 10000, 'Simpanan Wajib', 9, '2021-08-31 17:00:00', '2024-03-10 20:46:35'),
(96, 10000, 'Simpanan Wajib', 9, '2021-09-30 17:00:00', '2024-03-10 20:46:35'),
(97, 10000, 'Simpanan Wajib', 9, '2021-10-31 17:00:00', '2024-03-10 20:46:35'),
(98, 10000, 'Simpanan Wajib', 9, '2021-11-30 17:00:00', '2024-03-10 20:46:35'),
(99, 10000, 'Simpanan Wajib', 9, '2021-12-31 17:00:00', '2024-03-10 20:46:38'),
(100, 10000, 'Simpanan Wajib', 9, '2022-01-31 17:00:00', '2024-03-10 20:46:38'),
(101, 10000, 'Simpanan Wajib', 9, '2022-02-28 17:00:00', '2024-03-10 20:46:38'),
(102, 10000, 'Simpanan Wajib', 9, '2022-03-31 17:00:00', '2024-03-10 20:46:38'),
(103, 10000, 'Simpanan Wajib', 9, '2022-04-30 17:00:00', '2024-03-10 20:46:38'),
(104, 10000, 'Simpanan Wajib', 10, '2021-04-30 17:00:00', '2024-03-10 20:46:40'),
(105, 10000, 'Simpanan Wajib', 10, '2021-05-31 17:00:00', '2024-03-10 20:46:40'),
(106, 10000, 'Simpanan Wajib', 10, '2021-06-30 17:00:00', '2024-03-10 20:46:41'),
(107, 10000, 'Simpanan Wajib', 10, '2021-07-31 17:00:00', '2024-03-10 20:46:41'),
(108, 10000, 'Simpanan Wajib', 10, '2021-08-31 17:00:00', '2024-03-10 20:46:41'),
(109, 10000, 'Simpanan Wajib', 10, '2021-09-30 17:00:00', '2024-03-10 20:46:41'),
(110, 10000, 'Simpanan Wajib', 10, '2021-10-31 17:00:00', '2024-03-10 20:46:41'),
(111, 10000, 'Simpanan Wajib', 10, '2021-11-30 17:00:00', '2024-03-10 20:46:41'),
(112, 10000, 'Simpanan Wajib', 10, '2021-12-31 17:00:00', '2024-03-10 20:46:43'),
(113, 10000, 'Simpanan Wajib', 10, '2022-01-31 17:00:00', '2024-03-10 20:46:43'),
(114, 10000, 'Simpanan Wajib', 10, '2022-02-28 17:00:00', '2024-03-10 20:46:43'),
(115, 10000, 'Simpanan Wajib', 10, '2022-03-31 17:00:00', '2024-03-10 20:46:43'),
(116, 10000, 'Simpanan Wajib', 10, '2022-04-30 17:00:00', '2024-03-10 20:46:43'),
(117, 10000, 'Simpanan Wajib', 11, '2021-04-30 17:00:00', '2024-03-10 20:46:45'),
(118, 10000, 'Simpanan Wajib', 11, '2021-05-31 17:00:00', '2024-03-10 20:46:45'),
(119, 10000, 'Simpanan Wajib', 11, '2021-06-30 17:00:00', '2024-03-10 20:46:45'),
(120, 10000, 'Simpanan Wajib', 11, '2021-07-31 17:00:00', '2024-03-10 20:46:45'),
(121, 10000, 'Simpanan Wajib', 11, '2021-08-31 17:00:00', '2024-03-10 20:46:45'),
(122, 10000, 'Simpanan Wajib', 11, '2021-09-30 17:00:00', '2024-03-10 20:46:45'),
(123, 10000, 'Simpanan Wajib', 11, '2021-10-31 17:00:00', '2024-03-10 20:46:45'),
(124, 10000, 'Simpanan Wajib', 11, '2021-11-30 17:00:00', '2024-03-10 20:46:45'),
(125, 10000, 'Simpanan Wajib', 11, '2021-12-31 17:00:00', '2024-03-10 20:46:48'),
(126, 10000, 'Simpanan Wajib', 11, '2022-01-31 17:00:00', '2024-03-10 20:46:48'),
(127, 10000, 'Simpanan Wajib', 11, '2022-02-28 17:00:00', '2024-03-10 20:46:48'),
(128, 10000, 'Simpanan Wajib', 11, '2022-03-31 17:00:00', '2024-03-10 20:46:48'),
(129, 10000, 'Simpanan Wajib', 11, '2022-04-30 17:00:00', '2024-03-10 20:46:48'),
(130, 10000, 'Simpanan Wajib', 12, '2021-04-30 17:00:00', '2024-03-10 20:46:51'),
(131, 10000, 'Simpanan Wajib', 12, '2021-05-31 17:00:00', '2024-03-10 20:46:51'),
(132, 10000, 'Simpanan Wajib', 12, '2021-06-30 17:00:00', '2024-03-10 20:46:51'),
(133, 10000, 'Simpanan Wajib', 12, '2021-07-31 17:00:00', '2024-03-10 20:46:51'),
(134, 10000, 'Simpanan Wajib', 12, '2021-08-31 17:00:00', '2024-03-10 20:46:51'),
(135, 10000, 'Simpanan Wajib', 12, '2021-09-30 17:00:00', '2024-03-10 20:46:51'),
(136, 10000, 'Simpanan Wajib', 12, '2021-10-31 17:00:00', '2024-03-10 20:46:51'),
(137, 10000, 'Simpanan Wajib', 12, '2021-11-30 17:00:00', '2024-03-10 20:46:51'),
(138, 10000, 'Simpanan Wajib', 12, '2021-12-31 17:00:00', '2024-03-10 20:46:54'),
(139, 10000, 'Simpanan Wajib', 12, '2022-01-31 17:00:00', '2024-03-10 20:46:54'),
(140, 10000, 'Simpanan Wajib', 12, '2022-02-28 17:00:00', '2024-03-10 20:46:54'),
(141, 10000, 'Simpanan Wajib', 12, '2022-03-31 17:00:00', '2024-03-10 20:46:54'),
(142, 10000, 'Simpanan Wajib', 12, '2022-04-30 17:00:00', '2024-03-10 20:46:54'),
(143, 10000, 'Simpanan Wajib', 13, '2021-04-30 17:00:00', '2024-03-10 20:46:56'),
(144, 10000, 'Simpanan Wajib', 13, '2021-05-31 17:00:00', '2024-03-10 20:46:56'),
(145, 10000, 'Simpanan Wajib', 13, '2021-06-30 17:00:00', '2024-03-10 20:46:56'),
(146, 10000, 'Simpanan Wajib', 13, '2021-07-31 17:00:00', '2024-03-10 20:46:56'),
(147, 10000, 'Simpanan Wajib', 13, '2021-08-31 17:00:00', '2024-03-10 20:46:56'),
(148, 10000, 'Simpanan Wajib', 13, '2021-09-30 17:00:00', '2024-03-10 20:46:56'),
(149, 10000, 'Simpanan Wajib', 13, '2021-10-31 17:00:00', '2024-03-10 20:46:56'),
(150, 10000, 'Simpanan Wajib', 13, '2021-11-30 17:00:00', '2024-03-10 20:46:56'),
(151, 10000, 'Simpanan Wajib', 13, '2021-12-31 17:00:00', '2024-03-10 20:46:59'),
(152, 10000, 'Simpanan Wajib', 13, '2022-01-31 17:00:00', '2024-03-10 20:46:59'),
(153, 10000, 'Simpanan Wajib', 13, '2022-02-28 17:00:00', '2024-03-10 20:46:59'),
(154, 10000, 'Simpanan Wajib', 13, '2022-03-31 17:00:00', '2024-03-10 20:46:59'),
(155, 10000, 'Simpanan Wajib', 13, '2022-04-30 17:00:00', '2024-03-10 20:46:59'),
(156, 10000, 'Simpanan Wajib', 14, '2021-04-30 17:00:00', '2024-03-10 20:47:01'),
(157, 10000, 'Simpanan Wajib', 14, '2021-05-31 17:00:00', '2024-03-10 20:47:01'),
(158, 10000, 'Simpanan Wajib', 14, '2021-06-30 17:00:00', '2024-03-10 20:47:01'),
(159, 10000, 'Simpanan Wajib', 14, '2021-07-31 17:00:00', '2024-03-10 20:47:01'),
(160, 10000, 'Simpanan Wajib', 14, '2021-08-31 17:00:00', '2024-03-10 20:47:01'),
(161, 10000, 'Simpanan Wajib', 14, '2021-09-30 17:00:00', '2024-03-10 20:47:01'),
(162, 10000, 'Simpanan Wajib', 14, '2021-10-31 17:00:00', '2024-03-10 20:47:01'),
(163, 10000, 'Simpanan Wajib', 14, '2021-11-30 17:00:00', '2024-03-10 20:47:01'),
(164, 10000, 'Simpanan Wajib', 14, '2021-12-31 17:00:00', '2024-03-10 20:47:03'),
(165, 10000, 'Simpanan Wajib', 14, '2022-01-31 17:00:00', '2024-03-10 20:47:03'),
(166, 10000, 'Simpanan Wajib', 14, '2022-02-28 17:00:00', '2024-03-10 20:47:03'),
(167, 10000, 'Simpanan Wajib', 14, '2022-03-31 17:00:00', '2024-03-10 20:47:03'),
(168, 10000, 'Simpanan Wajib', 14, '2022-04-30 17:00:00', '2024-03-10 20:47:03'),
(169, 10000, 'Simpanan Wajib', 15, '2021-04-30 17:00:00', '2024-03-10 20:47:06'),
(170, 10000, 'Simpanan Wajib', 15, '2021-05-31 17:00:00', '2024-03-10 20:47:06'),
(171, 10000, 'Simpanan Wajib', 15, '2021-06-30 17:00:00', '2024-03-10 20:47:06'),
(172, 10000, 'Simpanan Wajib', 15, '2021-07-31 17:00:00', '2024-03-10 20:47:06'),
(173, 10000, 'Simpanan Wajib', 15, '2021-08-31 17:00:00', '2024-03-10 20:47:06'),
(174, 10000, 'Simpanan Wajib', 15, '2021-09-30 17:00:00', '2024-03-10 20:47:06'),
(175, 10000, 'Simpanan Wajib', 15, '2021-10-31 17:00:00', '2024-03-10 20:47:06'),
(176, 10000, 'Simpanan Wajib', 15, '2021-11-30 17:00:00', '2024-03-10 20:47:06'),
(177, 10000, 'Simpanan Wajib', 15, '2021-12-31 17:00:00', '2024-03-10 20:47:08'),
(178, 10000, 'Simpanan Wajib', 15, '2022-01-31 17:00:00', '2024-03-10 20:47:08'),
(179, 10000, 'Simpanan Wajib', 15, '2022-02-28 17:00:00', '2024-03-10 20:47:08'),
(180, 10000, 'Simpanan Wajib', 15, '2022-03-31 17:00:00', '2024-03-10 20:47:08'),
(181, 10000, 'Simpanan Wajib', 15, '2022-04-30 17:00:00', '2024-03-10 20:47:08'),
(182, 10000, 'Simpanan Wajib', 16, '2021-04-30 17:00:00', '2024-03-10 20:47:10'),
(183, 10000, 'Simpanan Wajib', 16, '2021-05-31 17:00:00', '2024-03-10 20:47:10'),
(184, 10000, 'Simpanan Wajib', 16, '2021-06-30 17:00:00', '2024-03-10 20:47:10'),
(185, 10000, 'Simpanan Wajib', 16, '2021-07-31 17:00:00', '2024-03-10 20:47:10'),
(186, 10000, 'Simpanan Wajib', 16, '2021-08-31 17:00:00', '2024-03-10 20:47:10'),
(187, 10000, 'Simpanan Wajib', 16, '2021-09-30 17:00:00', '2024-03-10 20:47:10'),
(188, 10000, 'Simpanan Wajib', 16, '2021-10-31 17:00:00', '2024-03-10 20:47:10'),
(189, 10000, 'Simpanan Wajib', 16, '2021-11-30 17:00:00', '2024-03-10 20:47:10'),
(190, 10000, 'Simpanan Wajib', 16, '2021-12-31 17:00:00', '2024-03-10 20:47:13'),
(191, 10000, 'Simpanan Wajib', 16, '2022-01-31 17:00:00', '2024-03-10 20:47:13'),
(192, 10000, 'Simpanan Wajib', 16, '2022-02-28 17:00:00', '2024-03-10 20:47:13'),
(193, 10000, 'Simpanan Wajib', 16, '2022-03-31 17:00:00', '2024-03-10 20:47:13'),
(194, 10000, 'Simpanan Wajib', 16, '2022-04-30 17:00:00', '2024-03-10 20:47:13'),
(195, 10000, 'Simpanan Wajib', 17, '2021-04-30 17:00:00', '2024-03-10 20:47:16'),
(196, 10000, 'Simpanan Wajib', 17, '2021-05-31 17:00:00', '2024-03-10 20:47:16'),
(197, 10000, 'Simpanan Wajib', 17, '2021-06-30 17:00:00', '2024-03-10 20:47:16'),
(198, 10000, 'Simpanan Wajib', 17, '2021-07-31 17:00:00', '2024-03-10 20:47:16'),
(199, 10000, 'Simpanan Wajib', 17, '2021-08-31 17:00:00', '2024-03-10 20:47:16'),
(200, 10000, 'Simpanan Wajib', 17, '2021-09-30 17:00:00', '2024-03-10 20:47:16'),
(201, 10000, 'Simpanan Wajib', 17, '2021-10-31 17:00:00', '2024-03-10 20:47:16'),
(202, 10000, 'Simpanan Wajib', 17, '2021-11-30 17:00:00', '2024-03-10 20:47:16'),
(203, 10000, 'Simpanan Wajib', 17, '2021-12-31 17:00:00', '2024-03-10 20:47:19'),
(204, 10000, 'Simpanan Wajib', 17, '2022-01-31 17:00:00', '2024-03-10 20:47:19'),
(205, 10000, 'Simpanan Wajib', 17, '2022-02-28 17:00:00', '2024-03-10 20:47:19'),
(206, 10000, 'Simpanan Wajib', 17, '2022-03-31 17:00:00', '2024-03-10 20:47:19'),
(207, 10000, 'Simpanan Wajib', 17, '2022-04-30 17:00:00', '2024-03-10 20:47:19'),
(208, 650000, 'Simpanan Sebelumnya', 9, '2021-04-30 17:00:00', '2024-03-10 20:48:00'),
(209, 800000, 'Simpanan Sebelumnya', 10, '2021-04-30 17:00:00', '2024-03-10 20:48:26'),
(210, 350000, 'Simpanan Sebelumnya', 11, '2021-04-30 17:00:00', '2024-03-10 20:48:50'),
(211, 200000, 'Simpanan Sebelumnya', 12, '2021-04-30 17:00:00', '2024-03-10 20:50:04'),
(212, 800000, 'Simpanan Sebelumnya', 13, '2021-04-30 17:00:00', '2024-03-10 20:50:29'),
(213, 250000, 'Simpanan Sebelumnya', 14, '2021-04-30 17:00:00', '2024-03-10 20:52:24'),
(214, 270000, 'Simpanan Sebelumnya', 15, '2021-04-30 17:00:00', '2024-03-10 20:52:54'),
(215, 190000, 'Simpanan Sebelumnya', 16, '2021-04-30 17:00:00', '2024-03-10 20:53:32'),
(216, 300000, 'Simpanan Sebelumnya', 17, '2021-04-30 17:00:00', '2024-03-10 20:53:53'),
(217, 15000, 'Simpanan Sukarela', 2, '2021-04-30 17:00:00', '2024-03-10 21:06:14'),
(218, 25000, 'Simpanan Sukarela', 2, '2021-08-31 17:00:00', '2024-03-10 21:06:38'),
(219, 25000, 'Simpanan Sukarela', 2, '2021-09-30 17:00:00', '2024-03-10 21:06:55'),
(220, 10000, 'Simpanan Sukarela', 2, '2021-11-30 17:00:00', '2024-03-10 21:07:25'),
(221, 50000, 'Simpanan Sukarela', 2, '2021-12-31 17:00:00', '2024-03-10 21:07:43'),
(222, 25000, 'Simpanan Sukarela', 2, '2022-04-30 17:00:00', '2024-03-10 21:08:04'),
(223, 10000, 'Simpanan Sukarela', 3, '2021-05-31 17:00:00', '2024-03-10 21:08:29'),
(224, 10000, 'Simpanan Sukarela', 3, '2022-02-28 17:00:00', '2024-03-10 21:08:59'),
(225, 50000, 'Simpanan Sukarela', 3, '2022-03-31 17:00:00', '2024-03-10 21:09:18'),
(226, 50000, 'Simpanan Sukarela', 5, '2021-06-30 17:00:00', '2024-03-10 21:09:59'),
(227, 15000, 'Simpanan Sukarela', 5, '2021-10-31 17:00:00', '2024-03-10 21:10:20'),
(228, 10000, 'Simpanan Sukarela', 6, '2021-04-30 17:00:00', '2024-03-10 21:10:52'),
(229, 100000, 'Simpanan Sukarela', 6, '2021-11-30 17:00:00', '2024-03-10 21:11:11'),
(230, 10000, 'Simpanan Sukarela', 7, '2021-09-30 17:00:00', '2024-03-10 21:11:43'),
(231, 10000, 'Simpanan Sukarela', 7, '2022-01-31 17:00:00', '2024-03-10 21:12:06'),
(232, 10000, 'Simpanan Sukarela', 8, '2021-04-30 17:00:00', '2024-03-10 21:12:41'),
(233, 60000, 'Simpanan Sukarela', 8, '2021-12-31 17:00:00', '2024-03-10 21:13:32'),
(234, 15000, 'Simpanan Sukarela', 9, '2021-04-30 17:00:00', '2024-03-10 21:13:58'),
(235, 35000, 'Simpanan Sukarela', 9, '2022-02-28 17:00:00', '2024-03-10 21:14:18'),
(236, 20000, 'Simpanan Sukarela', 10, '2021-06-30 17:00:00', '2024-03-10 21:14:51'),
(237, 20000, 'Simpanan Sukarela', 10, '2021-07-31 17:00:00', '2024-03-10 21:15:01'),
(238, 25000, 'Simpanan Sukarela', 10, '2021-10-31 17:00:00', '2024-03-10 21:15:15'),
(239, 20000, 'Simpanan Sukarela', 11, '2021-04-30 17:00:00', '2024-03-10 21:15:47'),
(240, 20000, 'Simpanan Sukarela', 12, '2021-07-31 17:00:00', '2024-03-10 21:16:17'),
(241, 40000, 'Simpanan Sukarela', 12, '2021-11-30 17:00:00', '2024-03-10 21:16:35'),
(242, 100000, 'Simpanan Sukarela', 12, '2022-01-31 17:00:00', '2024-03-10 21:16:53'),
(243, 30000, 'Simpanan Sukarela', 13, '2021-05-31 17:00:00', '2024-03-10 21:17:19'),
(244, 10000, 'Simpanan Sukarela', 13, '2021-12-31 17:00:00', '2024-03-10 21:17:47'),
(245, 10000, 'Simpanan Sukarela', 14, '2021-11-30 17:00:00', '2024-03-10 21:18:22'),
(246, 20000, 'Simpanan Sukarela', 14, '2022-03-31 17:00:00', '2024-03-10 21:18:40'),
(247, 15000, 'Simpanan Sukarela', 15, '2021-06-30 17:00:00', '2024-03-10 21:19:10'),
(248, 10000, 'Simpanan Sukarela', 15, '2021-10-31 17:00:00', '2024-03-10 21:19:28'),
(249, 40000, 'Simpanan Sukarela', 16, '2021-12-31 17:00:00', '2024-03-10 21:20:11'),
(250, 10000, 'Simpanan Sukarela', 16, '2022-02-28 17:00:00', '2024-03-10 21:20:24'),
(251, 15000, 'Simpanan Sukarela', 17, '2021-06-30 17:00:00', '2024-03-10 21:21:16');

-- --------------------------------------------------------

--
-- Table structure for table `users`
--

CREATE TABLE `users` (
  `id` bigint(20) UNSIGNED NOT NULL,
  `name` varchar(255) COLLATE utf8mb4_unicode_ci NOT NULL,
  `email` varchar(255) COLLATE utf8mb4_unicode_ci NOT NULL,
  `profesi` enum('Admin','Nelayan','Pedagang') COLLATE utf8mb4_unicode_ci NOT NULL,
  `password` varchar(255) COLLATE utf8mb4_unicode_ci NOT NULL,
  `level` enum('Admin','Anggota','Pimpinan') COLLATE utf8mb4_unicode_ci NOT NULL DEFAULT 'Anggota',
  `level_gaji` int(1) NOT NULL,
  `alamat` varchar(300) COLLATE utf8mb4_unicode_ci NOT NULL,
  `telepon` double NOT NULL,
  `status` enum('Aktif','Tidak Aktif') COLLATE utf8mb4_unicode_ci NOT NULL,
  `last_login` timestamp NOT NULL DEFAULT current_timestamp() ON UPDATE current_timestamp(),
  `created_at` timestamp NULL DEFAULT current_timestamp(),
  `updated_at` timestamp NULL DEFAULT current_timestamp()
) ENGINE=MyISAM DEFAULT CHARSET=utf8mb4 COLLATE=utf8mb4_unicode_ci;

--
-- Dumping data for table `users`
--

INSERT INTO `users` (`id`, `name`, `email`, `profesi`, `password`, `level`, `level_gaji`, `alamat`, `telepon`, `status`, `last_login`, `created_at`, `updated_at`) VALUES
(1, 'admin', 'admin@gmail.com', 'Admin', '$2y$10$.zyv.mN4ewS36HGJcBDXWua88yylf2MwZRK3603IZfRfoNZhJEvHy', 'Admin', 0, '', 0, 'Aktif', '2024-03-21 16:30:40', '2024-01-12 12:31:34', '2024-03-21 16:30:40'),
(2, 'Muhammad Suheri', 'muhammadsuheri@gmail.com', 'Nelayan', '$2y$10$.zyv.mN4ewS36HGJcBDXWua88yylf2MwZRK3603IZfRfoNZhJEvHy', 'Anggota', 0, '', 0, 'Aktif', '2024-03-21 12:54:45', '2024-01-12 12:31:34', '2024-03-21 12:54:45'),
(3, 'Sukiar Mulaimin', 'sukiarmulaimin@gmail.com', 'Pedagang', '$2y$10$.zyv.mN4ewS36HGJcBDXWua88yylf2MwZRK3603IZfRfoNZhJEvHy', 'Anggota', 0, '', 0, 'Aktif', '2024-01-31 10:36:28', '2024-01-12 12:31:34', '2024-01-31 10:36:28'),
(5, 'Irham Marpaung', 'Irhammarpaung@gmail.com', 'Nelayan', '$2y$10$RPf9tj8jtvdPvT.WBYHo7OC3qfGjOBmdBxfdq7bMy1owqvlgMZ/OO', 'Anggota', 0, 'alamat', 8952921283, 'Aktif', '2024-03-11 02:47:45', '2024-03-09 17:02:27', '2024-03-11 02:47:45'),
(6, 'Bella Chintia H', 'Bellachintia@gmail.com', 'Nelayan', '$2y$10$bkcgi6NVZ/plrO8YH3I0WeG02z71ElaNxYBqAu8fjMrw28vxeB4Me', 'Anggota', 0, 'Alamat', 0, 'Aktif', '2024-03-09 17:02:52', '2024-03-09 17:02:52', '2024-03-09 17:02:52'),
(7, 'Dinna Delima', 'dinnadelima@gmail.com', 'Nelayan', '$2y$10$ohL3tXK.pcKlOJYiXXzhaOsHIOaDqBQ8WutKtsiM6JaPT1kAyvC.a', 'Anggota', 0, 'alamat', 0, 'Aktif', '2024-03-09 17:03:53', '2024-03-09 17:03:53', '2024-03-09 17:03:53'),
(8, 'Joni Anggara', 'jonianggara@gmail.com', 'Nelayan', '$2y$10$ZvDpIR5x2MKt91yLLK1Zne.iEGlNFOZh4oDPkfq/pTV07rATc72ZS', 'Anggota', 0, 'alamat', 0, 'Aktif', '2024-03-09 17:04:14', '2024-03-09 17:04:14', '2024-03-09 17:04:14'),
(9, 'Dekky Sagito', 'dekkysagito@gmail.com', 'Nelayan', '$2y$10$JX4nTRhmNburQ3x54Im7AOACF2yDWQ4pgaDlMDcD1V/88RvXJOmr2', 'Anggota', 0, 'alamat', 0, 'Aktif', '2024-03-09 17:05:44', '2024-03-09 17:05:44', '2024-03-09 17:05:44'),
(10, 'Khairul Amri Surbakti', 'khairulamrisurbakti@gmail.com', 'Nelayan', '$2y$10$cvqqiShwnC3AVsBs3y.wSOEX3c0XSJ6mC6pCarEZsfotlzD1K3YJ.', 'Anggota', 0, 'alamat', 0, 'Aktif', '2024-03-09 17:06:13', '2024-03-09 17:06:13', '2024-03-09 17:06:13'),
(11, 'Hendri', 'hendri@gmail.com', 'Nelayan', '$2y$10$uTnhVB7q/gbyMJLAGC5gVOWzNKcZTO1JLceGqlIbMyw.rALhKxwYu', 'Anggota', 0, 'alamat', 0, 'Aktif', '2024-03-09 17:06:39', '2024-03-09 17:06:39', '2024-03-09 17:06:39'),
(12, 'M. Iqbal Santo', 'iqbalsanto@gmail.com', 'Nelayan', '$2y$10$2t8YNaTSeNvIfeA5h7Gyy.6WDTOQmQEQypkohRYiDTpIT8vLcXPpS', 'Anggota', 0, 'alamat', 0, 'Aktif', '2024-03-09 17:07:02', '2024-03-09 17:07:02', '2024-03-09 17:07:02'),
(13, 'Surya', 'surya@gmail.com', 'Nelayan', '$2y$10$G4rnAQlKN31CA6tXwQrw0exLnWrvV6RXM3v8FxPJNCneX9trbbx/C', 'Anggota', 0, 'alamat', 0, 'Aktif', '2024-03-09 17:07:24', '2024-03-09 17:07:24', '2024-03-09 17:07:24'),
(14, 'Shera Zelita Septi', 'sherazelitasepti@gmail.com', 'Nelayan', '$2y$10$cq/2f6aeZ5ap/hKW1LWZxe3aTwJ./8Bx6TFXfNkQ7QKWkCe3lihju', 'Anggota', 0, 'alamat', 0, 'Aktif', '2024-03-09 17:08:06', '2024-03-09 17:08:06', '2024-03-09 17:08:06'),
(15, 'Rusdi Efendi', 'rusdiefendi@gmail.com', 'Nelayan', '$2y$10$j4efGFLVaeGfjuE9H0mrouVqJAt1pgG1RKosGZEsUkXyN2URSYpum', 'Anggota', 0, 'alamat', 0, 'Aktif', '2024-03-09 17:08:28', '2024-03-09 17:08:28', '2024-03-09 17:08:28'),
(16, 'Nurzainnah', 'nurzainnah@gmail.com', 'Nelayan', '$2y$10$/tjNyFuBTswbAU1QBBQKEuCB8QHawo9oc9J33gAwJG8BHr4DKMz5q', 'Anggota', 0, 'alamat', 8952921283, 'Aktif', '2024-03-10 20:21:51', '2024-03-10 20:21:51', '2024-03-10 20:21:51'),
(17, 'Hermansyah', 'hermansyah@gmail.com', 'Nelayan', '$2y$10$V9Q7nfoYbevIfjkQ/teaX.KnwlMdkATJZbddkR/1ZDCMay4OV4c3G', 'Anggota', 0, 'alamat', 8952921283, 'Aktif', '2024-03-10 20:22:22', '2024-03-10 20:22:22', '2024-03-10 20:22:22');

--
-- Indexes for dumped tables
--

--
-- Indexes for table `biaya`
--
ALTER TABLE `biaya`
  ADD PRIMARY KEY (`id`);

--
-- Indexes for table `pinjaman`
--
ALTER TABLE `pinjaman`
  ADD PRIMARY KEY (`id_pinjam`);

--
-- Indexes for table `pinjaman_bayar`
--
ALTER TABLE `pinjaman_bayar`
  ADD PRIMARY KEY (`id_bayar`);

--
-- Indexes for table `settings`
--
ALTER TABLE `settings`
  ADD PRIMARY KEY (`id`);

--
-- Indexes for table `simpanan`
--
ALTER TABLE `simpanan`
  ADD PRIMARY KEY (`id_simpanan`);

--
-- Indexes for table `users`
--
ALTER TABLE `users`
  ADD PRIMARY KEY (`id`);

--
-- AUTO_INCREMENT for dumped tables
--

--
-- AUTO_INCREMENT for table `biaya`
--
ALTER TABLE `biaya`
  MODIFY `id` int(11) NOT NULL AUTO_INCREMENT, AUTO_INCREMENT=9;

--
-- AUTO_INCREMENT for table `pinjaman`
--
ALTER TABLE `pinjaman`
  MODIFY `id_pinjam` int(11) NOT NULL AUTO_INCREMENT, AUTO_INCREMENT=27;

--
-- AUTO_INCREMENT for table `pinjaman_bayar`
--
ALTER TABLE `pinjaman_bayar`
  MODIFY `id_bayar` int(11) NOT NULL AUTO_INCREMENT, AUTO_INCREMENT=123;

--
-- AUTO_INCREMENT for table `settings`
--
ALTER TABLE `settings`
  MODIFY `id` int(11) NOT NULL AUTO_INCREMENT, AUTO_INCREMENT=6;

--
-- AUTO_INCREMENT for table `simpanan`
--
ALTER TABLE `simpanan`
  MODIFY `id_simpanan` int(11) NOT NULL AUTO_INCREMENT, AUTO_INCREMENT=252;

--
-- AUTO_INCREMENT for table `users`
--
ALTER TABLE `users`
  MODIFY `id` bigint(20) UNSIGNED NOT NULL AUTO_INCREMENT, AUTO_INCREMENT=18;
COMMIT;

/*!40101 SET CHARACTER_SET_CLIENT=@OLD_CHARACTER_SET_CLIENT */;
/*!40101 SET CHARACTER_SET_RESULTS=@OLD_CHARACTER_SET_RESULTS */;
/*!40101 SET COLLATION_CONNECTION=@OLD_COLLATION_CONNECTION */;
